Application,ProcessID,SwapChainAddress,TimeInSeconds,MsBetweenPresents,Dropped
gpuview_capture_target.exe,1,chain-1,0.55036890000000,6.12390000000000,0
gpuview_capture_target.exe,1,chain-1,0.55600410000000,5.63520000000000,0
gpuview_capture_target.exe,1,chain-1,0.56300620000000,7.00210000000000,0
gpuview_capture_target.exe,1,chain-1,0.57133850000000,8.33230000000000,0
gpuview_capture_target.exe,1,chain-1,0.57830130000000,6.96280000000000,0
gpuview_capture_target.exe,1,chain-1,0.58456720000000,6.26590000000000,0
gpuview_capture_target.exe,1,chain-1,0.59127420000000,6.70700000000000,0
gpuview_capture_target.exe,1,chain-1,0.59798110000000,6.70690000000000,0
gpuview_capture_target.exe,1,chain-1,0.60539340000000,7.41230000000000,0
gpuview_capture_target.exe,1,chain-1,0.61207190000000,6.67850000000000,0
gpuview_capture_target.exe,1,chain-1,0.61917960000000,7.10770000000000,0
gpuview_capture_target.exe,1,chain-1,0.62623890000000,7.05930000000000,0
gpuview_capture_target.exe,1,chain-1,0.63330510000000,7.06620000000000,0
gpuview_capture_target.exe,1,chain-1,0.64043990000000,7.13480000000000,0
gpuview_capture_target.exe,1,chain-1,0.64710330000000,6.66340000000000,0
gpuview_capture_target.exe,1,chain-1,0.65349290000000,6.38960000000000,0
gpuview_capture_target.exe,1,chain-1,0.66127200000000,7.77910000000000,0
gpuview_capture_target.exe,1,chain-1,0.66782630000000,6.55430000000000,0
gpuview_capture_target.exe,1,chain-1,0.67485610000000,7.02980000000000,0
gpuview_capture_target.exe,1,chain-1,0.68151050000000,6.65440000000000,0
gpuview_capture_target.exe,1,chain-1,0.68879670000000,7.28620000000000,0
gpuview_capture_target.exe,1,chain-1,0.69562200000000,6.82530000000000,0
gpuview_capture_target.exe,1,chain-1,0.70268120000000,7.05920000000000,0
gpuview_capture_target.exe,1,chain-1,0.70975800000000,7.07680000000000,0
gpuview_capture_target.exe,1,chain-1,0.71680790000000,7.04990000000000,0
gpuview_capture_target.exe,1,chain-1,0.72333190000000,6.52400000000000,0
gpuview_capture_target.exe,1,chain-1,0.73015200000000,6.82010000000000,0
gpuview_capture_target.exe,1,chain-1,0.73710090000000,6.94890000000000,0
gpuview_capture_target.exe,1,chain-1,0.74499250000000,7.89160000000000,0
gpuview_capture_target.exe,1,chain-1,0.75106790000000,6.07540000000000,0
gpuview_capture_target.exe,1,chain-1,0.75866520000000,7.59730000000000,0
gpuview_capture_target.exe,1,chain-1,0.76498930000000,6.32410000000000,0
gpuview_capture_target.exe,1,chain-1,0.77237360000000,7.38430000000000,0
gpuview_capture_target.exe,1,chain-1,0.77916580000000,6.79220000000000,0
gpuview_capture_target.exe,1,chain-1,0.78649290000000,7.32710000000000,0
gpuview_capture_target.exe,1,chain-1,0.79290950000000,6.41660000000000,0
gpuview_capture_target.exe,1,chain-1,0.80021960000000,7.31010000000000,0
gpuview_capture_target.exe,1,chain-1,0.80695820000000,6.73860000000000,0
gpuview_capture_target.exe,1,chain-1,0.81383250000000,6.87430000000000,0
gpuview_capture_target.exe,1,chain-1,0.82111930000000,7.28680000000000,0
gpuview_capture_target.exe,1,chain-1,0.82784990000000,6.73060000000000,0
gpuview_capture_target.exe,1,chain-1,0.83510960000000,7.25970000000000,0
gpuview_capture_target.exe,1,chain-1,0.84188620000000,6.77660000000000,0
gpuview_capture_target.exe,1,chain-1,0.84896370000000,7.07750000000000,0
gpuview_capture_target.exe,1,chain-1,0.85570630000000,6.74260000000000,0
gpuview_capture_target.exe,1,chain-1,0.86317050000000,7.46420000000000,0
gpuview_capture_target.exe,1,chain-1,0.86983340000000,6.66290000000000,0
gpuview_capture_target.exe,1,chain-1,0.87700440000000,7.17100000000000,0
gpuview_capture_target.exe,1,chain-1,0.88325440000000,6.25000000000000,0
gpuview_capture_target.exe,1,chain-1,0.88972540000000,6.47100000000000,0
gpuview_capture_target.exe,1,chain-1,0.89669530000000,6.96990000000000,0
gpuview_capture_target.exe,1,chain-1,0.90372220000000,7.02690000000000,0
gpuview_capture_target.exe,1,chain-1,0.91086610000000,7.14390000000000,0
gpuview_capture_target.exe,1,chain-1,0.91766960000000,6.80350000000000,0
gpuview_capture_target.exe,1,chain-1,0.92495620000000,7.28660000000000,0
gpuview_capture_target.exe,1,chain-1,0.93271030000000,7.75410000000000,0
gpuview_capture_target.exe,1,chain-1,0.93840620000000,5.69590000000000,0
gpuview_capture_target.exe,1,chain-1,0.94509040000000,6.68420000000000,0
gpuview_capture_target.exe,1,chain-1,1.03740650000000,92.31609999999999,0
gpuview_capture_target.exe,1,chain-1,1.03828290000000,0.87640000000000,0
gpuview_capture_target.exe,1,chain-1,1.04242430000000,4.14140000000000,0
gpuview_capture_target.exe,1,chain-1,1.05033380000000,7.90950000000000,0
gpuview_capture_target.exe,1,chain-1,1.05656180000000,6.22800000000000,0
gpuview_capture_target.exe,1,chain-1,1.06291460000000,6.35280000000000,0
gpuview_capture_target.exe,1,chain-1,1.06957440000000,6.65980000000000,0
gpuview_capture_target.exe,1,chain-1,1.07710740000000,7.53300000000000,0
gpuview_capture_target.exe,1,chain-1,1.08433870000000,7.23130000000000,0
gpuview_capture_target.exe,1,chain-1,1.09093930000000,6.60060000000000,0
gpuview_capture_target.exe,1,chain-1,1.09805940000000,7.12010000000000,0
gpuview_capture_target.exe,1,chain-1,1.10625350000000,8.19410000000000,0
gpuview_capture_target.exe,1,chain-1,1.11195640000000,5.70290000000000,0
gpuview_capture_target.exe,1,chain-1,1.11824600000000,6.28960000000000,0
gpuview_capture_target.exe,1,chain-1,1.12571000000000,7.46400000000000,0
gpuview_capture_target.exe,1,chain-1,1.13246550000000,6.75550000000000,0
gpuview_capture_target.exe,1,chain-1,1.13953740000000,7.07190000000000,0
gpuview_capture_target.exe,1,chain-1,1.14592810000000,6.39070000000000,0
gpuview_capture_target.exe,1,chain-1,1.15294320000000,7.01510000000000,0
gpuview_capture_target.exe,1,chain-1,1.16038670000000,7.44350000000000,0
gpuview_capture_target.exe,1,chain-1,1.16746700000000,7.08030000000000,0
gpuview_capture_target.exe,1,chain-1,1.17385390000000,6.38690000000000,0
gpuview_capture_target.exe,1,chain-1,1.18129740000000,7.44350000000000,0
gpuview_capture_target.exe,1,chain-1,1.18776710000000,6.46970000000000,0
gpuview_capture_target.exe,1,chain-1,1.19520470000000,7.43760000000000,0
gpuview_capture_target.exe,1,chain-1,1.20213210000000,6.92740000000000,0
gpuview_capture_target.exe,1,chain-1,1.20834240000000,6.21030000000000,0
gpuview_capture_target.exe,1,chain-1,1.21536400000000,7.02160000000000,0
gpuview_capture_target.exe,1,chain-1,1.22223620000000,6.87220000000000,0
gpuview_capture_target.exe,1,chain-1,1.23027440000000,8.03820000000000,0
gpuview_capture_target.exe,1,chain-1,1.23687110000000,6.59670000000000,0
gpuview_capture_target.exe,1,chain-1,1.24340870000000,6.53760000000000,0
gpuview_capture_target.exe,1,chain-1,1.25014410000000,6.73540000000000,0
gpuview_capture_target.exe,1,chain-1,1.25701040000000,6.86630000000000,0
gpuview_capture_target.exe,1,chain-1,1.26384370000000,6.83330000000000,0
gpuview_capture_target.exe,1,chain-1,1.27088580000000,7.04210000000000,0
gpuview_capture_target.exe,1,chain-1,1.27831820000000,7.43240000000000,0
gpuview_capture_target.exe,1,chain-1,1.28549130000000,7.17310000000000,0
gpuview_capture_target.exe,1,chain-1,1.29255640000000,7.06510000000000,0
gpuview_capture_target.exe,1,chain-1,1.29934190000000,6.78550000000000,0
gpuview_capture_target.exe,1,chain-1,1.30629960000000,6.95770000000000,0
gpuview_capture_target.exe,1,chain-1,1.31309770000000,6.79810000000000,0
gpuview_capture_target.exe,1,chain-1,1.32011080000000,7.01310000000000,0
gpuview_capture_target.exe,1,chain-1,1.32711750000000,7.00670000000000,0
gpuview_capture_target.exe,1,chain-1,1.33316420000000,6.04670000000000,0
gpuview_capture_target.exe,1,chain-1,1.33980820000000,6.64400000000000,0
gpuview_capture_target.exe,1,chain-1,1.34694260000000,7.13440000000000,0
gpuview_capture_target.exe,1,chain-1,1.35379090000000,6.84830000000000,0
gpuview_capture_target.exe,1,chain-1,1.36130500000000,7.51410000000000,0
gpuview_capture_target.exe,1,chain-1,1.36818470000000,6.87970000000000,0
gpuview_capture_target.exe,1,chain-1,1.37468520000000,6.50050000000000,0
gpuview_capture_target.exe,1,chain-1,1.38200580000000,7.32060000000000,0
gpuview_capture_target.exe,1,chain-1,1.38848700000000,6.48120000000000,0
gpuview_capture_target.exe,1,chain-1,1.39587020000000,7.38320000000000,0
gpuview_capture_target.exe,1,chain-1,1.40219200000000,6.32180000000000,0
gpuview_capture_target.exe,1,chain-1,1.40967920000000,7.48720000000000,0
gpuview_capture_target.exe,1,chain-1,1.41624730000000,6.56810000000000,0
gpuview_capture_target.exe,1,chain-1,1.42301290000000,6.76560000000000,0
gpuview_capture_target.exe,1,chain-1,1.42987480000000,6.86190000000000,0
gpuview_capture_target.exe,1,chain-1,1.43690320000000,7.02840000000000,0
gpuview_capture_target.exe,1,chain-1,1.52042310000000,83.51989999999999,0
gpuview_capture_target.exe,1,chain-1,1.52088080000000,0.45770000000000,0
gpuview_capture_target.exe,1,chain-1,1.52219150000000,1.31070000000000,0
gpuview_capture_target.exe,1,chain-1,1.52709830000000,4.90680000000000,0
gpuview_capture_target.exe,1,chain-1,1.53478780000000,7.68950000000000,0
gpuview_capture_target.exe,1,chain-1,1.54101310000000,6.22530000000000,0
gpuview_capture_target.exe,1,chain-1,1.54796720000000,6.95410000000000,0
gpuview_capture_target.exe,1,chain-1,1.55523900000000,7.27180000000000,0
gpuview_capture_target.exe,1,chain-1,1.56179040000000,6.55140000000000,0
gpuview_capture_target.exe,1,chain-1,1.56868880000000,6.89840000000000,0
gpuview_capture_target.exe,1,chain-1,1.57563080000000,6.94200000000000,0
gpuview_capture_target.exe,1,chain-1,1.58259760000000,6.96680000000000,0
gpuview_capture_target.exe,1,chain-1,1.58990840000000,7.31080000000000,0
gpuview_capture_target.exe,1,chain-1,1.59735890000000,7.45050000000000,0
gpuview_capture_target.exe,1,chain-1,1.60361010000000,6.25120000000000,0
gpuview_capture_target.exe,1,chain-1,1.61117200000000,7.56190000000000,0
gpuview_capture_target.exe,1,chain-1,1.61758610000000,6.41410000000000,0
gpuview_capture_target.exe,1,chain-1,1.62437250000000,6.78640000000000,0
gpuview_capture_target.exe,1,chain-1,1.63138770000000,7.01520000000000,0
gpuview_capture_target.exe,1,chain-1,1.63891240000000,7.52470000000000,0
gpuview_capture_target.exe,1,chain-1,1.64522500000000,6.31260000000000,0
gpuview_capture_target.exe,1,chain-1,1.65227270000000,7.04770000000000,0
gpuview_capture_target.exe,1,chain-1,1.65975930000000,7.48660000000000,0
gpuview_capture_target.exe,1,chain-1,1.66611670000000,6.35740000000000,0
gpuview_capture_target.exe,1,chain-1,1.67306970000000,6.95300000000000,0
gpuview_capture_target.exe,1,chain-1,1.67999730000000,6.92760000000000,0
gpuview_capture_target.exe,1,chain-1,1.68695700000000,6.95970000000000,0
gpuview_capture_target.exe,1,chain-1,1.69374330000000,6.78630000000000,0
gpuview_capture_target.exe,1,chain-1,1.70077300000000,7.02970000000000,0
gpuview_capture_target.exe,1,chain-1,1.70806180000000,7.28880000000000,0
gpuview_capture_target.exe,1,chain-1,1.71483790000000,6.77610000000000,0
gpuview_capture_target.exe,1,chain-1,1.72167010000000,6.83220000000000,0
gpuview_capture_target.exe,1,chain-1,1.72858460000000,6.91450000000000,0
gpuview_capture_target.exe,1,chain-1,1.73544680000000,6.86220000000000,0
gpuview_capture_target.exe,1,chain-1,1.74234690000000,6.90010000000000,0
gpuview_capture_target.exe,1,chain-1,1.74926840000000,6.92150000000000,0
gpuview_capture_target.exe,1,chain-1,1.75633330000000,7.06490000000000,0
gpuview_capture_target.exe,1,chain-1,1.76322150000000,6.88820000000000,0
gpuview_capture_target.exe,1,chain-1,1.77018440000000,6.96290000000000,0
gpuview_capture_target.exe,1,chain-1,1.77760350000000,7.41910000000000,0
gpuview_capture_target.exe,1,chain-1,1.78418390000000,6.58040000000000,0
gpuview_capture_target.exe,1,chain-1,1.79113040000000,6.94650000000000,0
gpuview_capture_target.exe,1,chain-1,1.79798030000000,6.84990000000000,0
gpuview_capture_target.exe,1,chain-1,1.80489030000000,6.91000000000000,0
gpuview_capture_target.exe,1,chain-1,1.81183740000000,6.94710000000000,0
gpuview_capture_target.exe,1,chain-1,1.81869540000000,6.85800000000000,0
gpuview_capture_target.exe,1,chain-1,1.82587970000000,7.18430000000000,0
gpuview_capture_target.exe,1,chain-1,1.83290290000000,7.02320000000000,0
gpuview_capture_target.exe,1,chain-1,1.84034980000000,7.44690000000000,0
gpuview_capture_target.exe,1,chain-1,1.84670310000000,6.35330000000000,0
gpuview_capture_target.exe,1,chain-1,1.85381000000000,7.10690000000000,0
gpuview_capture_target.exe,1,chain-1,1.86122450000000,7.41450000000000,0
gpuview_capture_target.exe,1,chain-1,1.86762040000000,6.39590000000000,0
gpuview_capture_target.exe,1,chain-1,1.87441060000000,6.79020000000000,0
gpuview_capture_target.exe,1,chain-1,1.88133220000000,6.92160000000000,0
gpuview_capture_target.exe,1,chain-1,1.88906700000000,7.73480000000000,0
gpuview_capture_target.exe,1,chain-1,1.89563250000000,6.56550000000000,0
gpuview_capture_target.exe,1,chain-1,1.90280100000000,7.16850000000000,0
gpuview_capture_target.exe,1,chain-1,1.90949830000000,6.69730000000000,0
gpuview_capture_target.exe,1,chain-1,1.91626710000000,6.76880000000000,0
gpuview_capture_target.exe,1,chain-1,2.00418360000000,87.91650000000000,0
gpuview_capture_target.exe,1,chain-1,2.00496320000000,0.77960000000000,0
gpuview_capture_target.exe,1,chain-1,2.00645290000000,1.48970000000000,0
gpuview_capture_target.exe,1,chain-1,2.01383160000000,7.37870000000000,0
gpuview_capture_target.exe,1,chain-1,2.02041390000000,6.58230000000000,0
gpuview_capture_target.exe,1,chain-1,2.02726580000000,6.85190000000000,0
gpuview_capture_target.exe,1,chain-1,2.03403960000000,6.77380000000000,0
gpuview_capture_target.exe,1,chain-1,2.04096360000000,6.92400000000000,0
gpuview_capture_target.exe,1,chain-1,2.04800950000000,7.04590000000000,0
gpuview_capture_target.exe,1,chain-1,2.05499020000000,6.98070000000000,0
gpuview_capture_target.exe,1,chain-1,2.06173110000000,6.74090000000000,0
gpuview_capture_target.exe,1,chain-1,2.06901240000000,7.28130000000000,0
gpuview_capture_target.exe,1,chain-1,2.07617500000000,7.16260000000000,0
gpuview_capture_target.exe,1,chain-1,2.08265610000000,6.48110000000000,0
gpuview_capture_target.exe,1,chain-1,2.08976490000000,7.10880000000000,0
gpuview_capture_target.exe,1,chain-1,2.09675600000000,6.99110000000000,0
gpuview_capture_target.exe,1,chain-1,2.10350550000000,6.74950000000000,0
gpuview_capture_target.exe,1,chain-1,2.11046310000000,6.95760000000000,0
gpuview_capture_target.exe,1,chain-1,2.11732710000000,6.86400000000000,0
gpuview_capture_target.exe,1,chain-1,2.12441100000000,7.08390000000000,0
gpuview_capture_target.exe,1,chain-1,2.13178610000000,7.37510000000000,0
gpuview_capture_target.exe,1,chain-1,2.13876560000000,6.97950000000000,0
gpuview_capture_target.exe,1,chain-1,2.14530800000000,6.54240000000000,0
gpuview_capture_target.exe,1,chain-1,2.15214200000000,6.83400000000000,0
gpuview_capture_target.exe,1,chain-1,2.15917410000000,7.03210000000000,0
gpuview_capture_target.exe,1,chain-1,2.16616960000000,6.99550000000000,0
gpuview_capture_target.exe,1,chain-1,2.17412640000000,7.95680000000000,0
gpuview_capture_target.exe,1,chain-1,2.18070880000000,6.58240000000000,0
gpuview_capture_target.exe,1,chain-1,2.18702240000000,6.31360000000000,0
gpuview_capture_target.exe,1,chain-1,2.19473340000000,7.71100000000000,0
gpuview_capture_target.exe,1,chain-1,2.20084060000000,6.10720000000000,0
gpuview_capture_target.exe,1,chain-1,2.20837790000000,7.53730000000000,0
gpuview_capture_target.exe,1,chain-1,2.21478290000000,6.40500000000000,0
gpuview_capture_target.exe,1,chain-1,2.22158050000000,6.79760000000000,0
gpuview_capture_target.exe,1,chain-1,2.22838300000000,6.80250000000000,0
gpuview_capture_target.exe,1,chain-1,2.23539260000000,7.00960000000000,0
gpuview_capture_target.exe,1,chain-1,2.24264640000000,7.25380000000000,0
gpuview_capture_target.exe,1,chain-1,2.24992660000000,7.28020000000000,0
gpuview_capture_target.exe,1,chain-1,2.25674290000000,6.81630000000000,0
gpuview_capture_target.exe,1,chain-1,2.26400560000000,7.26270000000000,0
gpuview_capture_target.exe,1,chain-1,2.27095740000000,6.95180000000000,0
gpuview_capture_target.exe,1,chain-1,2.27779600000000,6.83860000000000,0
gpuview_capture_target.exe,1,chain-1,2.28508620000000,7.29020000000000,0
gpuview_capture_target.exe,1,chain-1,2.29161450000000,6.52830000000000,0
gpuview_capture_target.exe,1,chain-1,2.29848310000000,6.86860000000000,0
gpuview_capture_target.exe,1,chain-1,2.30555370000000,7.07060000000000,0
gpuview_capture_target.exe,1,chain-1,2.31259210000000,7.03840000000000,0
gpuview_capture_target.exe,1,chain-1,2.31975580000000,7.16370000000000,0
gpuview_capture_target.exe,1,chain-1,2.32637420000000,6.61840000000000,0
gpuview_capture_target.exe,1,chain-1,2.33329880000000,6.92460000000000,0
gpuview_capture_target.exe,1,chain-1,2.34039380000000,7.09500000000000,0
gpuview_capture_target.exe,1,chain-1,2.34722000000000,6.82620000000000,0
gpuview_capture_target.exe,1,chain-1,2.35439270000000,7.17270000000000,0
gpuview_capture_target.exe,1,chain-1,2.36156370000000,7.17100000000000,0
gpuview_capture_target.exe,1,chain-1,2.36836820000000,6.80450000000000,0
gpuview_capture_target.exe,1,chain-1,2.37537950000000,7.01130000000000,0
gpuview_capture_target.exe,1,chain-1,2.38220190000000,6.82240000000000,0
gpuview_capture_target.exe,1,chain-1,2.38932220000000,7.12030000000000,0
gpuview_capture_target.exe,1,chain-1,2.39603240000000,6.71020000000000,0
gpuview_capture_target.exe,1,chain-1,2.40285480000000,6.82240000000000,0
gpuview_capture_target.exe,1,chain-1,2.49210740000000,89.25260000000000,0
gpuview_capture_target.exe,1,chain-1,2.49255700000000,0.44960000000000,0
gpuview_capture_target.exe,1,chain-1,2.50002910000000,7.47210000000000,0
gpuview_capture_target.exe,1,chain-1,2.50713390000000,7.10480000000000,0
gpuview_capture_target.exe,1,chain-1,2.51397080000000,6.83690000000000,0
gpuview_capture_target.exe,1,chain-1,2.52190370000000,7.93290000000000,0
gpuview_capture_target.exe,1,chain-1,2.52836160000000,6.45790000000000,0
gpuview_capture_target.exe,1,chain-1,2.53641050000000,8.04890000000000,0
gpuview_capture_target.exe,1,chain-1,2.54218550000000,5.77500000000000,1
gpuview_capture_target.exe,1,chain-1,2.58741530000000,45.22980000000000,0
gpuview_capture_target.exe,1,chain-1,2.61836270000000,30.94740000000000,1
gpuview_capture_target.exe,1,chain-1,2.63242320000000,14.06050000000000,0
gpuview_capture_target.exe,1,chain-1,2.63446480000000,2.04160000000000,0
gpuview_capture_target.exe,1,chain-1,2.64048760000000,6.02280000000000,0
gpuview_capture_target.exe,1,chain-1,2.64704770000000,6.56010000000000,0
gpuview_capture_target.exe,1,chain-1,2.65379640000000,6.74870000000000,0
gpuview_capture_target.exe,1,chain-1,2.66176300000000,7.96660000000000,0
gpuview_capture_target.exe,1,chain-1,2.66902260000000,7.25960000000000,0
gpuview_capture_target.exe,1,chain-1,2.67521140000000,6.18880000000000,0
gpuview_capture_target.exe,1,chain-1,2.68200430000000,6.79290000000000,0
gpuview_capture_target.exe,1,chain-1,2.68872180000000,6.71750000000000,0
gpuview_capture_target.exe,1,chain-1,2.69619970000000,7.47790000000000,0
gpuview_capture_target.exe,1,chain-1,2.70258840000000,6.38870000000000,0
gpuview_capture_target.exe,1,chain-1,2.70964940000000,7.06100000000000,0
gpuview_capture_target.exe,1,chain-1,2.71632550000000,6.67610000000000,0
gpuview_capture_target.exe,1,chain-1,2.72403530000000,7.70980000000000,0
gpuview_capture_target.exe,1,chain-1,2.72963860000000,5.60330000000000,0
gpuview_capture_target.exe,1,chain-1,2.73672080000000,7.08220000000000,0
gpuview_capture_target.exe,1,chain-1,2.74351500000000,6.79420000000000,0
gpuview_capture_target.exe,1,chain-1,2.75060470000000,7.08970000000000,0
gpuview_capture_target.exe,1,chain-1,2.75725390000000,6.64920000000000,0
gpuview_capture_target.exe,1,chain-1,2.76491930000000,7.66540000000000,0
gpuview_capture_target.exe,1,chain-1,2.77144650000000,6.52720000000000,0
gpuview_capture_target.exe,1,chain-1,2.77905800000000,7.61150000000000,0
gpuview_capture_target.exe,1,chain-1,2.78581200000000,6.75400000000000,0
gpuview_capture_target.exe,1,chain-1,2.79202940000000,6.21740000000000,0
gpuview_capture_target.exe,1,chain-1,2.79960840000000,7.57900000000000,0
gpuview_capture_target.exe,1,chain-1,2.80825960000000,8.65120000000000,0
gpuview_capture_target.exe,1,chain-1,2.81309470000000,4.83510000000000,0
gpuview_capture_target.exe,1,chain-1,2.81995770000000,6.86300000000000,0
gpuview_capture_target.exe,1,chain-1,2.82672070000000,6.76300000000000,0
gpuview_capture_target.exe,1,chain-1,2.83403210000000,7.31140000000000,0
gpuview_capture_target.exe,1,chain-1,2.84077130000000,6.73920000000000,0
gpuview_capture_target.exe,1,chain-1,2.84755920000000,6.78790000000000,0
gpuview_capture_target.exe,1,chain-1,2.85487140000000,7.31220000000000,0
gpuview_capture_target.exe,1,chain-1,2.86180560000000,6.93420000000000,0
gpuview_capture_target.exe,1,chain-1,2.86859900000000,6.79340000000000,0
gpuview_capture_target.exe,1,chain-1,2.87560020000000,7.00120000000000,0
gpuview_capture_target.exe,1,chain-1,2.88251330000000,6.91310000000000,0
gpuview_capture_target.exe,1,chain-1,2.88952620000000,7.01290000000000,0
gpuview_capture_target.exe,1,chain-1,2.89639650000000,6.87030000000000,0
gpuview_capture_target.exe,1,chain-1,2.90339940000000,7.00290000000000,0
gpuview_capture_target.exe,1,chain-1,2.91004990000000,6.65050000000000,0
gpuview_capture_target.exe,1,chain-1,2.91752940000000,7.47950000000000,0
gpuview_capture_target.exe,1,chain-1,2.92398210000000,6.45270000000000,0
gpuview_capture_target.exe,1,chain-1,2.93119820000000,7.21610000000000,0
gpuview_capture_target.exe,1,chain-1,2.93795770000000,6.75950000000000,0
gpuview_capture_target.exe,1,chain-1,2.94499320000000,7.03550000000000,0
gpuview_capture_target.exe,1,chain-1,2.95180950000000,6.81630000000000,0
gpuview_capture_target.exe,1,chain-1,2.95905250000000,7.24300000000000,0
gpuview_capture_target.exe,1,chain-1,3.03637500000000,77.32250000000001,0
gpuview_capture_target.exe,1,chain-1,3.03714790000000,0.77290000000000,0
gpuview_capture_target.exe,1,chain-1,3.04233260000000,5.18470000000000,0
gpuview_capture_target.exe,1,chain-1,3.04888520000000,6.55260000000000,0
gpuview_capture_target.exe,1,chain-1,3.05603910000000,7.15390000000000,0
gpuview_capture_target.exe,1,chain-1,3.06271570000000,6.67660000000000,0
gpuview_capture_target.exe,1,chain-1,3.07031110000000,7.59540000000000,0
gpuview_capture_target.exe,1,chain-1,3.07680050000000,6.48940000000000,0
gpuview_capture_target.exe,1,chain-1,3.08403560000000,7.23510000000000,0
gpuview_capture_target.exe,1,chain-1,3.09071190000000,6.67630000000000,0
gpuview_capture_target.exe,1,chain-1,3.09762250000000,6.91060000000000,0
gpuview_capture_target.exe,1,chain-1,3.10498520000000,7.36270000000000,0
gpuview_capture_target.exe,1,chain-1,3.11168810000000,6.70290000000000,0
gpuview_capture_target.exe,1,chain-1,3.11845490000000,6.76680000000000,0
gpuview_capture_target.exe,1,chain-1,3.12599610000000,7.54120000000000,0
gpuview_capture_target.exe,1,chain-1,3.13235150000000,6.35540000000000,0
gpuview_capture_target.exe,1,chain-1,3.13976550000000,7.41400000000000,0
gpuview_capture_target.exe,1,chain-1,3.14613540000000,6.36990000000000,0
gpuview_capture_target.exe,1,chain-1,3.15331260000000,7.17720000000000,0
gpuview_capture_target.exe,1,chain-1,3.16073730000000,7.42470000000000,0
gpuview_capture_target.exe,1,chain-1,3.16763250000000,6.89520000000000,0
gpuview_capture_target.exe,1,chain-1,3.17404280000000,6.41030000000000,0
gpuview_capture_target.exe,1,chain-1,3.18097230000000,6.92950000000000,0
gpuview_capture_target.exe,1,chain-1,3.18788030000000,6.90800000000000,0
gpuview_capture_target.exe,1,chain-1,3.19508220000000,7.20190000000000,0
gpuview_capture_target.exe,1,chain-1,3.20167570000000,6.59350000000000,0
gpuview_capture_target.exe,1,chain-1,3.20880190000000,7.12620000000000,0
gpuview_capture_target.exe,1,chain-1,3.21596990000000,7.16800000000000,0
gpuview_capture_target.exe,1,chain-1,3.22295400000000,6.98410000000000,0
gpuview_capture_target.exe,1,chain-1,3.22969390000000,6.73990000000000,0
gpuview_capture_target.exe,1,chain-1,3.23658290000000,6.88900000000000,0
gpuview_capture_target.exe,1,chain-1,3.24353380000000,6.95090000000000,0
gpuview_capture_target.exe,1,chain-1,3.25052170000000,6.98790000000000,0
gpuview_capture_target.exe,1,chain-1,3.25750680000000,6.98510000000000,0
gpuview_capture_target.exe,1,chain-1,3.26424550000000,6.73870000000000,0
gpuview_capture_target.exe,1,chain-1,3.27138840000000,7.14290000000000,0
gpuview_capture_target.exe,1,chain-1,3.27837060000000,6.98220000000000,0
gpuview_capture_target.exe,1,chain-1,3.28541160000000,7.04100000000000,0
gpuview_capture_target.exe,1,chain-1,3.29212870000000,6.71710000000000,0
gpuview_capture_target.exe,1,chain-1,3.29902530000000,6.89660000000000,0
gpuview_capture_target.exe,1,chain-1,3.30622240000000,7.19710000000000,0
gpuview_capture_target.exe,1,chain-1,3.31303290000000,6.81050000000000,0
gpuview_capture_target.exe,1,chain-1,3.31982620000000,6.79330000000000,0
gpuview_capture_target.exe,1,chain-1,3.32677380000000,6.94760000000000,0
gpuview_capture_target.exe,1,chain-1,3.33432180000000,7.54800000000000,0
gpuview_capture_target.exe,1,chain-1,3.34051120000000,6.18940000000000,0
gpuview_capture_target.exe,1,chain-1,3.34801240000000,7.50120000000000,0
gpuview_capture_target.exe,1,chain-1,3.35469320000000,6.68080000000000,0
gpuview_capture_target.exe,1,chain-1,3.36166650000000,6.97330000000000,0
gpuview_capture_target.exe,1,chain-1,3.36851890000000,6.85240000000000,0
gpuview_capture_target.exe,1,chain-1,3.37536920000000,6.85030000000000,0
gpuview_capture_target.exe,1,chain-1,3.38264650000000,7.27730000000000,0
gpuview_capture_target.exe,1,chain-1,3.38945580000000,6.80930000000000,0
gpuview_capture_target.exe,1,chain-1,3.39693270000000,7.47690000000000,0
gpuview_capture_target.exe,1,chain-1,3.40339120000000,6.45850000000000,0
gpuview_capture_target.exe,1,chain-1,3.41013810000000,6.74690000000000,0
gpuview_capture_target.exe,1,chain-1,3.41725920000000,7.12110000000000,0
gpuview_capture_target.exe,1,chain-1,3.42423940000000,6.98020000000000,0
gpuview_capture_target.exe,1,chain-1,3.43098970000000,6.75030000000000,0
gpuview_capture_target.exe,1,chain-1,3.43818700000000,7.19730000000000,0
gpuview_capture_target.exe,1,chain-1,3.52105450000000,82.86749999999999,0
gpuview_capture_target.exe,1,chain-1,3.52164240000000,0.58790000000000,0
gpuview_capture_target.exe,1,chain-1,3.52874330000000,7.10090000000000,0
gpuview_capture_target.exe,1,chain-1,3.53528800000000,6.54470000000000,0
gpuview_capture_target.exe,1,chain-1,3.54233710000000,7.04910000000000,0
gpuview_capture_target.exe,1,chain-1,3.54929590000000,6.95880000000000,0
gpuview_capture_target.exe,1,chain-1,3.55640950000000,7.11360000000000,0
gpuview_capture_target.exe,1,chain-1,3.56303000000000,6.62050000000000,0
gpuview_capture_target.exe,1,chain-1,3.57074050000000,7.71050000000000,0
gpuview_capture_target.exe,1,chain-1,3.57726400000000,6.52350000000000,0
gpuview_capture_target.exe,1,chain-1,3.58477290000000,7.50890000000000,0
gpuview_capture_target.exe,1,chain-1,3.59098440000000,6.21150000000000,0
gpuview_capture_target.exe,1,chain-1,3.59832070000000,7.33630000000000,0
gpuview_capture_target.exe,1,chain-1,3.60479470000000,6.47400000000000,0
gpuview_capture_target.exe,1,chain-1,3.61176100000000,6.96630000000000,0
gpuview_capture_target.exe,1,chain-1,3.61841730000000,6.65630000000000,0
gpuview_capture_target.exe,1,chain-1,3.62569130000000,7.27400000000000,0
gpuview_capture_target.exe,1,chain-1,3.63221120000000,6.51990000000000,0
gpuview_capture_target.exe,1,chain-1,3.63932120000000,7.11000000000000,0
gpuview_capture_target.exe,1,chain-1,3.64666650000000,7.34530000000000,0
gpuview_capture_target.exe,1,chain-1,3.65312680000000,6.46030000000000,0
gpuview_capture_target.exe,1,chain-1,3.66004720000000,6.92040000000000,0
gpuview_capture_target.exe,1,chain-1,3.66722990000000,7.18270000000000,0
gpuview_capture_target.exe,1,chain-1,3.67383810000000,6.60820000000000,0
gpuview_capture_target.exe,1,chain-1,3.68099890000000,7.16080000000000,0
gpuview_capture_target.exe,1,chain-1,3.68805950000000,7.06060000000000,0
gpuview_capture_target.exe,1,chain-1,3.69532800000000,7.26850000000000,0
gpuview_capture_target.exe,1,chain-1,3.70209160000000,6.76360000000000,0
gpuview_capture_target.exe,1,chain-1,3.70889890000000,6.80730000000000,0
gpuview_capture_target.exe,1,chain-1,3.71596600000000,7.06710000000000,0
gpuview_capture_target.exe,1,chain-1,3.72286940000000,6.90340000000000,0
gpuview_capture_target.exe,1,chain-1,3.72947800000000,6.60860000000000,0
gpuview_capture_target.exe,1,chain-1,3.73656930000000,7.09130000000000,0
gpuview_capture_target.exe,1,chain-1,3.74332540000000,6.75610000000000,0
gpuview_capture_target.exe,1,chain-1,3.75067530000000,7.34990000000000,0
gpuview_capture_target.exe,1,chain-1,3.75799600000000,7.32070000000000,0
gpuview_capture_target.exe,1,chain-1,3.76488320000000,6.88720000000000,0
gpuview_capture_target.exe,1,chain-1,3.77171350000000,6.83030000000000,0
gpuview_capture_target.exe,1,chain-1,3.77838690000000,6.67340000000000,0
gpuview_capture_target.exe,1,chain-1,3.78506430000000,6.67740000000000,0
gpuview_capture_target.exe,1,chain-1,3.79209920000000,7.03490000000000,0
gpuview_capture_target.exe,1,chain-1,3.79910970000000,7.01050000000000,0
gpuview_capture_target.exe,1,chain-1,3.80647320000000,7.36350000000000,0
gpuview_capture_target.exe,1,chain-1,3.81290600000000,6.43280000000000,0
gpuview_capture_target.exe,1,chain-1,3.81971760000000,6.81160000000000,0
gpuview_capture_target.exe,1,chain-1,3.82686100000000,7.14340000000000,0
gpuview_capture_target.exe,1,chain-1,3.83417060000000,7.30960000000000,0
gpuview_capture_target.exe,1,chain-1,3.84088930000000,6.71870000000000,0
gpuview_capture_target.exe,1,chain-1,3.84772380000000,6.83450000000000,0
gpuview_capture_target.exe,1,chain-1,3.85493450000000,7.21070000000000,0
gpuview_capture_target.exe,1,chain-1,3.86180640000000,6.87190000000000,0
gpuview_capture_target.exe,1,chain-1,3.86856620000000,6.75980000000000,0
gpuview_capture_target.exe,1,chain-1,3.87553540000000,6.96920000000000,0
gpuview_capture_target.exe,1,chain-1,3.88234140000000,6.80600000000000,0
gpuview_capture_target.exe,1,chain-1,3.88945710000000,7.11570000000000,0
gpuview_capture_target.exe,1,chain-1,3.89604870000000,6.59160000000000,0
gpuview_capture_target.exe,1,chain-1,3.90340190000000,7.35320000000000,0
gpuview_capture_target.exe,1,chain-1,3.91028670000000,6.88480000000000,0
gpuview_capture_target.exe,1,chain-1,3.91738700000000,7.10030000000000,0
gpuview_capture_target.exe,1,chain-1,3.92396300000000,6.57600000000000,0
gpuview_capture_target.exe,1,chain-1,4.00804270000000,84.07969999999999,0
gpuview_capture_target.exe,1,chain-1,4.00843250000000,0.38980000000000,0
gpuview_capture_target.exe,1,chain-1,4.01435580000000,5.92330000000000,0
gpuview_capture_target.exe,1,chain-1,4.02155500000000,7.19920000000000,0
gpuview_capture_target.exe,1,chain-1,4.02843170000000,6.87670000000000,0
gpuview_capture_target.exe,1,chain-1,4.03529280000000,6.86110000000000,0
gpuview_capture_target.exe,1,chain-1,4.04231030000000,7.01750000000000,0
gpuview_capture_target.exe,1,chain-1,4.04916480000000,6.85450000000000,0
gpuview_capture_target.exe,1,chain-1,4.05635590000000,7.19110000000000,0
gpuview_capture_target.exe,1,chain-1,4.06302310000000,6.66720000000000,0
gpuview_capture_target.exe,1,chain-1,4.07021500000000,7.19190000000000,0
gpuview_capture_target.exe,1,chain-1,4.07693230000000,6.71730000000000,0
gpuview_capture_target.exe,1,chain-1,4.08392980000000,6.99750000000000,0
gpuview_capture_target.exe,1,chain-1,4.09090010000000,6.97030000000000,0
gpuview_capture_target.exe,1,chain-1,4.09786060000000,6.96050000000000,0
gpuview_capture_target.exe,1,chain-1,4.10472030000000,6.85970000000000,0
gpuview_capture_target.exe,1,chain-1,4.11236950000000,7.64920000000000,0
gpuview_capture_target.exe,1,chain-1,4.11862450000000,6.25500000000000,0
gpuview_capture_target.exe,1,chain-1,4.12555820000000,6.93370000000000,0
gpuview_capture_target.exe,1,chain-1,4.13222540000000,6.66720000000000,0
gpuview_capture_target.exe,1,chain-1,4.13972330000000,7.49790000000000,0
gpuview_capture_target.exe,1,chain-1,4.14652500000000,6.80170000000000,0
gpuview_capture_target.exe,1,chain-1,4.15309090000000,6.56590000000000,0
gpuview_capture_target.exe,1,chain-1,4.16012240000000,7.03150000000000,0
gpuview_capture_target.exe,1,chain-1,4.16710870000000,6.98630000000000,0
gpuview_capture_target.exe,1,chain-1,4.17401180000000,6.90310000000000,0
gpuview_capture_target.exe,1,chain-1,4.18146310000000,7.45130000000000,0
gpuview_capture_target.exe,1,chain-1,4.18868570000000,7.22260000000000,0
gpuview_capture_target.exe,1,chain-1,4.19495530000000,6.26960000000000,0
gpuview_capture_target.exe,1,chain-1,4.20167300000000,6.71770000000000,0
gpuview_capture_target.exe,1,chain-1,4.20876220000000,7.08920000000000,0
gpuview_capture_target.exe,1,chain-1,4.21604560000000,7.28340000000000,0
gpuview_capture_target.exe,1,chain-1,4.22315900000000,7.11340000000000,0
gpuview_capture_target.exe,1,chain-1,4.22998410000000,6.82510000000000,0
gpuview_capture_target.exe,1,chain-1,4.23700410000000,7.02000000000000,0
gpuview_capture_target.exe,1,chain-1,4.24359450000000,6.59040000000000,0
gpuview_capture_target.exe,1,chain-1,4.25068390000000,7.08940000000000,0
gpuview_capture_target.exe,1,chain-1,4.25736080000000,6.67690000000000,0
gpuview_capture_target.exe,1,chain-1,4.26424010000000,6.87930000000000,0
gpuview_capture_target.exe,1,chain-1,4.27151090000000,7.27080000000000,0
gpuview_capture_target.exe,1,chain-1,4.27856990000000,7.05900000000000,0
gpuview_capture_target.exe,1,chain-1,4.28616860000000,7.59870000000000,0
gpuview_capture_target.exe,1,chain-1,4.29196910000000,5.80050000000000,0
gpuview_capture_target.exe,1,chain-1,4.29902800000000,7.05890000000000,0
gpuview_capture_target.exe,1,chain-1,4.30646760000000,7.43960000000000,0
gpuview_capture_target.exe,1,chain-1,4.31299020000000,6.52260000000000,0
gpuview_capture_target.exe,1,chain-1,4.31995380000000,6.96360000000000,0
gpuview_capture_target.exe,1,chain-1,4.32677680000000,6.82300000000000,0
gpuview_capture_target.exe,1,chain-1,4.33405190000000,7.27510000000000,0
gpuview_capture_target.exe,1,chain-1,4.34054860000000,6.49670000000000,0
gpuview_capture_target.exe,1,chain-1,4.34777800000000,7.22940000000000,0
gpuview_capture_target.exe,1,chain-1,4.35446830000000,6.69030000000000,0
gpuview_capture_target.exe,1,chain-1,4.36140520000000,6.93690000000000,0
gpuview_capture_target.exe,1,chain-1,4.36824690000000,6.84170000000000,0
gpuview_capture_target.exe,1,chain-1,4.37530340000000,7.05650000000000,0
gpuview_capture_target.exe,1,chain-1,4.38276250000000,7.45910000000000,0
gpuview_capture_target.exe,1,chain-1,4.38966120000000,6.89870000000000,0
gpuview_capture_target.exe,1,chain-1,4.39640830000000,6.74710000000000,0
gpuview_capture_target.exe,1,chain-1,4.40323120000000,6.82290000000000,0
gpuview_capture_target.exe,1,chain-1,4.41008100000000,6.84980000000000,0
gpuview_capture_target.exe,1,chain-1,4.49393810000000,83.85710000000000,0
gpuview_capture_target.exe,1,chain-1,4.49486960000000,0.93150000000000,0
gpuview_capture_target.exe,1,chain-1,4.50111810000000,6.24850000000000,0
gpuview_capture_target.exe,1,chain-1,4.50741270000000,6.29460000000000,0
gpuview_capture_target.exe,1,chain-1,4.51464920000000,7.23650000000000,0
gpuview_capture_target.exe,1,chain-1,4.52151930000000,6.87010000000000,0
gpuview_capture_target.exe,1,chain-1,4.52885960000000,7.34030000000000,0
gpuview_capture_target.exe,1,chain-1,4.53541980000000,6.56020000000000,0
gpuview_capture_target.exe,1,chain-1,4.54233620000000,6.91640000000000,0
gpuview_capture_target.exe,1,chain-1,4.54938590000000,7.04970000000000,0
gpuview_capture_target.exe,1,chain-1,4.55638780000000,7.00190000000000,0
gpuview_capture_target.exe,1,chain-1,4.56333620000000,6.94840000000000,0
gpuview_capture_target.exe,1,chain-1,4.57008010000000,6.74390000000000,0
gpuview_capture_target.exe,1,chain-1,4.57709790000000,7.01780000000000,0
gpuview_capture_target.exe,1,chain-1,4.58400430000000,6.90640000000000,0
gpuview_capture_target.exe,1,chain-1,4.59074150000000,6.73720000000000,0
gpuview_capture_target.exe,1,chain-1,4.59825650000000,7.51500000000000,0
gpuview_capture_target.exe,1,chain-1,4.60480770000000,6.55120000000000,0
gpuview_capture_target.exe,1,chain-1,4.61189310000000,7.08540000000000,0
gpuview_capture_target.exe,1,chain-1,4.61856640000000,6.67330000000000,0
gpuview_capture_target.exe,1,chain-1,4.62570370000000,7.13730000000000,0
gpuview_capture_target.exe,1,chain-1,4.63262700000000,6.92330000000000,0
gpuview_capture_target.exe,1,chain-1,4.63960260000000,6.97560000000000,0
gpuview_capture_target.exe,1,chain-1,4.64674470000000,7.14210000000000,0
gpuview_capture_target.exe,1,chain-1,4.65370790000000,6.96320000000000,0
gpuview_capture_target.exe,1,chain-1,4.66111990000000,7.41200000000000,0
gpuview_capture_target.exe,1,chain-1,4.66778870000000,6.66880000000000,0
gpuview_capture_target.exe,1,chain-1,4.67456050000000,6.77180000000000,0
gpuview_capture_target.exe,1,chain-1,4.68122950000000,6.66900000000000,0
gpuview_capture_target.exe,1,chain-1,4.68806020000000,6.83070000000000,0
gpuview_capture_target.exe,1,chain-1,4.69571430000000,7.65410000000000,0
gpuview_capture_target.exe,1,chain-1,4.70225570000000,6.54140000000000,0
gpuview_capture_target.exe,1,chain-1,4.70966540000000,7.40970000000000,0
gpuview_capture_target.exe,1,chain-1,4.71609970000000,6.43430000000000,0
gpuview_capture_target.exe,1,chain-1,4.72307770000000,6.97800000000000,0
gpuview_capture_target.exe,1,chain-1,4.73017630000000,7.09860000000000,0
gpuview_capture_target.exe,1,chain-1,4.73710670000000,6.93040000000000,0
gpuview_capture_target.exe,1,chain-1,4.74381840000000,6.71170000000000,0
gpuview_capture_target.exe,1,chain-1,4.75102810000000,7.20970000000000,0
gpuview_capture_target.exe,1,chain-1,4.75784160000000,6.81350000000000,0
gpuview_capture_target.exe,1,chain-1,4.76463590000000,6.79430000000000,0
gpuview_capture_target.exe,1,chain-1,4.77154840000000,6.91250000000000,0
gpuview_capture_target.exe,1,chain-1,4.77876930000000,7.22090000000000,0
gpuview_capture_target.exe,1,chain-1,4.78546990000000,6.70060000000000,0
gpuview_capture_target.exe,1,chain-1,4.79209960000000,6.62970000000000,0
gpuview_capture_target.exe,1,chain-1,4.79950480000000,7.40520000000000,0
gpuview_capture_target.exe,1,chain-1,4.80677610000000,7.27130000000000,0
gpuview_capture_target.exe,1,chain-1,4.81326450000000,6.48840000000000,0
gpuview_capture_target.exe,1,chain-1,4.82037320000000,7.10870000000000,0
gpuview_capture_target.exe,1,chain-1,4.82729750000000,6.92430000000000,0
gpuview_capture_target.exe,1,chain-1,4.83524180000000,7.94430000000000,0
gpuview_capture_target.exe,1,chain-1,4.84152430000000,6.28250000000000,0
gpuview_capture_target.exe,1,chain-1,4.84789400000000,6.36970000000000,0
gpuview_capture_target.exe,1,chain-1,4.85511850000000,7.22450000000000,0
gpuview_capture_target.exe,1,chain-1,4.86210410000000,6.98560000000000,0
gpuview_capture_target.exe,1,chain-1,4.86902080000000,6.91670000000000,0
gpuview_capture_target.exe,1,chain-1,4.87545690000000,6.43610000000000,0
gpuview_capture_target.exe,1,chain-1,4.88271510000000,7.25820000000000,0
gpuview_capture_target.exe,1,chain-1,4.88970860000000,6.99350000000000,0
gpuview_capture_target.exe,1,chain-1,4.89658220000000,6.87360000000000,0
gpuview_capture_target.exe,1,chain-1,4.98000100000000,83.41880000000000,0
gpuview_capture_target.exe,1,chain-1,4.98077850000000,0.77750000000000,0
gpuview_capture_target.exe,1,chain-1,4.98684130000000,6.06280000000000,0
gpuview_capture_target.exe,1,chain-1,4.99365530000000,6.81400000000000,0
gpuview_capture_target.exe,1,chain-1,5.00079120000000,7.13590000000000,0
gpuview_capture_target.exe,1,chain-1,5.00742100000000,6.62980000000000,0
gpuview_capture_target.exe,1,chain-1,5.01455770000000,7.13670000000000,0
gpuview_capture_target.exe,1,chain-1,5.02128150000000,6.72380000000000,0
gpuview_capture_target.exe,1,chain-1,5.02918510000000,7.90360000000000,0
gpuview_capture_target.exe,1,chain-1,5.03566070000000,6.47560000000000,0
gpuview_capture_target.exe,1,chain-1,5.04236970000000,6.70900000000000,0
gpuview_capture_target.exe,1,chain-1,5.04939650000000,7.02680000000000,0
gpuview_capture_target.exe,1,chain-1,5.05657820000000,7.18170000000000,0
gpuview_capture_target.exe,1,chain-1,5.06341380000000,6.83560000000000,0
gpuview_capture_target.exe,1,chain-1,5.07007890000000,6.66510000000000,0
gpuview_capture_target.exe,1,chain-1,5.07727140000000,7.19250000000000,0
gpuview_capture_target.exe,1,chain-1,5.08484780000000,7.57640000000000,0
gpuview_capture_target.exe,1,chain-1,5.09071430000000,5.86650000000000,0
gpuview_capture_target.exe,1,chain-1,5.09784220000000,7.12790000000000,0
gpuview_capture_target.exe,1,chain-1,5.10490430000000,7.06210000000000,0
gpuview_capture_target.exe,1,chain-1,5.11268850000000,7.78420000000000,0
gpuview_capture_target.exe,1,chain-1,5.12029910000000,7.61060000000000,0
gpuview_capture_target.exe,1,chain-1,5.12646590000000,6.16680000000000,0
gpuview_capture_target.exe,1,chain-1,5.13335680000000,6.89090000000000,0
gpuview_capture_target.exe,1,chain-1,5.14051920000000,7.16240000000000,0
gpuview_capture_target.exe,1,chain-1,5.14717840000000,6.65920000000000,0
gpuview_capture_target.exe,1,chain-1,5.15428240000000,7.10400000000000,0
gpuview_capture_target.exe,1,chain-1,5.16086090000000,6.57850000000000,0
gpuview_capture_target.exe,1,chain-1,5.16842960000000,7.56870000000000,0
gpuview_capture_target.exe,1,chain-1,5.17524050000000,6.81090000000000,0
gpuview_capture_target.exe,1,chain-1,5.18193310000000,6.69260000000000,0
gpuview_capture_target.exe,1,chain-1,5.18957670000000,7.64360000000000,0
gpuview_capture_target.exe,1,chain-1,5.19604180000000,6.46510000000000,0
gpuview_capture_target.exe,1,chain-1,5.20279180000000,6.75000000000000,0
gpuview_capture_target.exe,1,chain-1,5.20886230000000,6.07050000000000,0
gpuview_capture_target.exe,1,chain-1,5.21629980000000,7.43750000000000,0
gpuview_capture_target.exe,1,chain-1,5.22327070000000,6.97090000000000,0
gpuview_capture_target.exe,1,chain-1,5.22980190000000,6.53120000000000,0
gpuview_capture_target.exe,1,chain-1,5.23741920000000,7.61730000000000,0
gpuview_capture_target.exe,1,chain-1,5.24387280000000,6.45360000000000,0
gpuview_capture_target.exe,1,chain-1,5.25104710000000,7.17430000000000,0
gpuview_capture_target.exe,1,chain-1,5.25754100000000,6.49390000000000,0
gpuview_capture_target.exe,1,chain-1,5.26449190000000,6.95090000000000,0
gpuview_capture_target.exe,1,chain-1,5.27154050000000,7.04860000000000,0
gpuview_capture_target.exe,1,chain-1,5.27861680000000,7.07630000000000,0
gpuview_capture_target.exe,1,chain-1,5.28544620000000,6.82940000000000,0
gpuview_capture_target.exe,1,chain-1,5.29268240000000,7.23620000000000,0
gpuview_capture_target.exe,1,chain-1,5.29946350000000,6.78110000000000,0
gpuview_capture_target.exe,1,chain-1,5.30640530000000,6.94180000000000,0
gpuview_capture_target.exe,1,chain-1,5.31318550000000,6.78020000000000,0
gpuview_capture_target.exe,1,chain-1,5.32136620000000,8.18070000000000,0
gpuview_capture_target.exe,1,chain-1,5.32774260000000,6.37640000000000,0
gpuview_capture_target.exe,1,chain-1,5.33381010000000,6.06750000000000,0
gpuview_capture_target.exe,1,chain-1,5.34282650000000,9.01640000000000,0
gpuview_capture_target.exe,1,chain-1,5.34802360000000,5.19710000000000,0
gpuview_capture_target.exe,1,chain-1,5.35820870000000,10.18510000000000,0
gpuview_capture_target.exe,1,chain-1,5.36898570000000,10.77700000000000,0
gpuview_capture_target.exe,1,chain-1,5.37612740000000,7.14170000000000,0
gpuview_capture_target.exe,1,chain-1,5.38314670000000,7.01930000000000,0
gpuview_capture_target.exe,1,chain-1,5.38976460000000,6.61790000000000,0
gpuview_capture_target.exe,1,chain-1,5.47996340000000,90.19879999999999,0
gpuview_capture_target.exe,1,chain-1,5.48034730000000,0.38390000000000,0
gpuview_capture_target.exe,1,chain-1,5.48695930000000,6.61200000000000,0
gpuview_capture_target.exe,1,chain-1,5.49395210000000,6.99280000000000,0
gpuview_capture_target.exe,1,chain-1,5.50046320000000,6.51110000000000,0
gpuview_capture_target.exe,1,chain-1,5.50778810000000,7.32490000000000,0
gpuview_capture_target.exe,1,chain-1,5.51458170000000,6.79360000000000,0
gpuview_capture_target.exe,1,chain-1,5.52131140000000,6.72970000000000,0
gpuview_capture_target.exe,1,chain-1,5.52892860000000,7.61720000000000,0
gpuview_capture_target.exe,1,chain-1,5.53597580000000,7.04720000000000,0
gpuview_capture_target.exe,1,chain-1,5.54289790000000,6.92210000000000,0
gpuview_capture_target.exe,1,chain-1,5.55057780000000,7.67990000000000,0
gpuview_capture_target.exe,1,chain-1,5.55691690000000,6.33910000000000,0
gpuview_capture_target.exe,1,chain-1,5.56334240000000,6.42550000000000,0
gpuview_capture_target.exe,1,chain-1,5.57045310000000,7.11070000000000,0
gpuview_capture_target.exe,1,chain-1,5.57740950000000,6.95640000000000,0
gpuview_capture_target.exe,1,chain-1,5.58452960000000,7.12010000000000,0
gpuview_capture_target.exe,1,chain-1,5.59138730000000,6.85770000000000,0
gpuview_capture_target.exe,1,chain-1,5.59856930000000,7.18200000000000,0
gpuview_capture_target.exe,1,chain-1,5.60571040000000,7.14110000000000,0
gpuview_capture_target.exe,1,chain-1,5.61256990000000,6.85950000000000,0
gpuview_capture_target.exe,1,chain-1,5.61913440000000,6.56450000000000,0
gpuview_capture_target.exe,1,chain-1,5.62609570000000,6.96130000000000,0
gpuview_capture_target.exe,1,chain-1,5.63276960000000,6.67390000000000,0
gpuview_capture_target.exe,1,chain-1,5.63993010000000,7.16050000000000,0
gpuview_capture_target.exe,1,chain-1,5.64720050000000,7.27040000000000,0
gpuview_capture_target.exe,1,chain-1,5.65464330000000,7.44280000000000,0
gpuview_capture_target.exe,1,chain-1,5.66097380000000,6.33050000000000,0
gpuview_capture_target.exe,1,chain-1,5.66804710000000,7.07330000000000,0
gpuview_capture_target.exe,1,chain-1,5.67463410000000,6.58700000000000,0
gpuview_capture_target.exe,1,chain-1,5.68156850000000,6.93440000000000,0
gpuview_capture_target.exe,1,chain-1,5.68903800000000,7.46950000000000,0
gpuview_capture_target.exe,1,chain-1,5.69550000000000,6.46200000000000,0
gpuview_capture_target.exe,1,chain-1,5.70347810000000,7.97810000000000,0
gpuview_capture_target.exe,1,chain-1,5.71010510000000,6.62700000000000,0
gpuview_capture_target.exe,1,chain-1,5.71636950000000,6.26440000000000,0
gpuview_capture_target.exe,1,chain-1,5.72352550000000,7.15600000000000,0
gpuview_capture_target.exe,1,chain-1,5.73023070000000,6.70520000000000,0
gpuview_capture_target.exe,1,chain-1,5.73741490000000,7.18420000000000,0
gpuview_capture_target.exe,1,chain-1,5.74406090000000,6.64600000000000,0
gpuview_capture_target.exe,1,chain-1,5.75131610000000,7.25520000000000,0
gpuview_capture_target.exe,1,chain-1,5.75860430000000,7.28820000000000,0
gpuview_capture_target.exe,1,chain-1,5.76520270000000,6.59840000000000,0
gpuview_capture_target.exe,1,chain-1,5.77222940000000,7.02670000000000,0
gpuview_capture_target.exe,1,chain-1,5.77896600000000,6.73660000000000,0
gpuview_capture_target.exe,1,chain-1,5.78632010000000,7.35410000000000,0
gpuview_capture_target.exe,1,chain-1,5.79331100000000,6.99090000000000,0
gpuview_capture_target.exe,1,chain-1,5.79967600000000,6.36500000000000,0
gpuview_capture_target.exe,1,chain-1,5.80697650000000,7.30050000000000,0
gpuview_capture_target.exe,1,chain-1,5.81360280000000,6.62630000000000,0
gpuview_capture_target.exe,1,chain-1,5.82047970000000,6.87690000000000,0
gpuview_capture_target.exe,1,chain-1,5.82752420000000,7.04450000000000,0
gpuview_capture_target.exe,1,chain-1,5.83446320000000,6.93900000000000,0
gpuview_capture_target.exe,1,chain-1,5.84135290000000,6.88970000000000,0
gpuview_capture_target.exe,1,chain-1,5.84850770000000,7.15480000000000,0
gpuview_capture_target.exe,1,chain-1,5.85582620000000,7.31850000000000,0
gpuview_capture_target.exe,1,chain-1,5.86228620000000,6.46000000000000,0
gpuview_capture_target.exe,1,chain-1,5.86911470000000,6.82850000000000,0
gpuview_capture_target.exe,1,chain-1,5.87619630000000,7.08160000000000,0
gpuview_capture_target.exe,1,chain-1,5.88308710000000,6.89080000000000,0
gpuview_capture_target.exe,1,chain-1,5.96587220000000,82.78510000000000,0
gpuview_capture_target.exe,1,chain-1,5.96682740000000,0.95520000000000,0
gpuview_capture_target.exe,1,chain-1,5.97338780000000,6.56040000000000,0
gpuview_capture_target.exe,1,chain-1,5.98106750000000,7.67970000000000,0
gpuview_capture_target.exe,1,chain-1,5.98716200000000,6.09450000000000,0
gpuview_capture_target.exe,1,chain-1,5.99398050000000,6.81850000000000,0
gpuview_capture_target.exe,1,chain-1,6.00114980000000,7.16930000000000,0
gpuview_capture_target.exe,1,chain-1,6.00788580000000,6.73600000000000,0
gpuview_capture_target.exe,1,chain-1,6.01468580000000,6.80000000000000,0
gpuview_capture_target.exe,1,chain-1,6.02181380000000,7.12800000000000,0
gpuview_capture_target.exe,1,chain-1,6.02890320000000,7.08940000000000,0
gpuview_capture_target.exe,1,chain-1,6.03584420000000,6.94100000000000,0
gpuview_capture_target.exe,1,chain-1,6.04259460000000,6.75040000000000,0
gpuview_capture_target.exe,1,chain-1,6.05020950000000,7.61490000000000,0
gpuview_capture_target.exe,1,chain-1,6.05674200000000,6.53250000000000,0
gpuview_capture_target.exe,1,chain-1,6.06348390000000,6.74190000000000,0
gpuview_capture_target.exe,1,chain-1,6.07053270000000,7.04880000000000,0
gpuview_capture_target.exe,1,chain-1,6.07762090000000,7.08820000000000,0
gpuview_capture_target.exe,1,chain-1,6.08523100000000,7.61010000000000,0
gpuview_capture_target.exe,1,chain-1,6.09117820000000,5.94720000000000,0
gpuview_capture_target.exe,1,chain-1,6.09833230000000,7.15410000000000,0
gpuview_capture_target.exe,1,chain-1,6.10540650000000,7.07420000000000,0
gpuview_capture_target.exe,1,chain-1,6.11195380000000,6.54730000000000,0
gpuview_capture_target.exe,1,chain-1,6.11924130000000,7.28750000000000,0
gpuview_capture_target.exe,1,chain-1,6.12587620000000,6.63490000000000,0
gpuview_capture_target.exe,1,chain-1,6.13268720000000,6.81100000000000,0
gpuview_capture_target.exe,1,chain-1,6.13978740000000,7.10020000000000,0
gpuview_capture_target.exe,1,chain-1,6.14720320000000,7.41580000000000,0
gpuview_capture_target.exe,1,chain-1,6.15383560000000,6.63240000000000,0
gpuview_capture_target.exe,1,chain-1,6.16095690000000,7.12130000000000,0
gpuview_capture_target.exe,1,chain-1,6.16763380000000,6.67690000000000,0
gpuview_capture_target.exe,1,chain-1,6.17495540000000,7.32160000000000,0
gpuview_capture_target.exe,1,chain-1,6.18121630000000,6.26090000000000,0
gpuview_capture_target.exe,1,chain-1,6.18771350000000,6.49720000000000,0
gpuview_capture_target.exe,1,chain-1,6.19478010000000,7.06660000000000,0
gpuview_capture_target.exe,1,chain-1,6.20173320000000,6.95310000000000,0
gpuview_capture_target.exe,1,chain-1,6.20878620000000,7.05300000000000,0
gpuview_capture_target.exe,1,chain-1,6.21566500000000,6.87880000000000,0
gpuview_capture_target.exe,1,chain-1,6.22257880000000,6.91380000000000,0
gpuview_capture_target.exe,1,chain-1,6.22941360000000,6.83480000000000,0
gpuview_capture_target.exe,1,chain-1,6.23652420000000,7.11060000000000,0
gpuview_capture_target.exe,1,chain-1,6.24337120000000,6.84700000000000,0
gpuview_capture_target.exe,1,chain-1,6.25032160000000,6.95040000000000,0
gpuview_capture_target.exe,1,chain-1,6.25849000000000,8.16840000000000,0
gpuview_capture_target.exe,1,chain-1,6.26510690000000,6.61690000000000,0
gpuview_capture_target.exe,1,chain-1,6.27178110000000,6.67420000000000,0
gpuview_capture_target.exe,1,chain-1,6.27918380000000,7.40270000000000,0
gpuview_capture_target.exe,1,chain-1,6.28600950000000,6.82570000000000,0
gpuview_capture_target.exe,1,chain-1,6.29234370000000,6.33420000000000,0
gpuview_capture_target.exe,1,chain-1,6.29929630000000,6.95260000000000,0
gpuview_capture_target.exe,1,chain-1,6.30636230000000,7.06600000000000,0
gpuview_capture_target.exe,1,chain-1,6.31306880000000,6.70650000000000,0
gpuview_capture_target.exe,1,chain-1,6.32015770000000,7.08890000000000,0
gpuview_capture_target.exe,1,chain-1,6.32697710000000,6.81940000000000,0
gpuview_capture_target.exe,1,chain-1,6.33428580000000,7.30870000000000,0
gpuview_capture_target.exe,1,chain-1,6.34161160000000,7.32580000000000,0
gpuview_capture_target.exe,1,chain-1,6.34758150000000,5.96990000000000,0
gpuview_capture_target.exe,1,chain-1,6.35441560000000,6.83410000000000,0
gpuview_capture_target.exe,1,chain-1,6.36147100000000,7.05540000000000,0
gpuview_capture_target.exe,1,chain-1,6.36929970000000,7.82870000000000,0
gpuview_capture_target.exe,1,chain-1,6.45942980000000,90.13010000000000,0
gpuview_capture_target.exe,1,chain-1,6.46014700000000,0.71720000000000,0
gpuview_capture_target.exe,1,chain-1,6.46553060000000,5.38360000000000,0
gpuview_capture_target.exe,1,chain-1,6.47247680000000,6.94620000000000,0
gpuview_capture_target.exe,1,chain-1,6.47935220000000,6.87540000000000,0
gpuview_capture_target.exe,1,chain-1,6.48640650000000,7.05430000000000,0
gpuview_capture_target.exe,1,chain-1,6.49330710000000,6.90060000000000,0
gpuview_capture_target.exe,1,chain-1,6.50038120000000,7.07410000000000,0
gpuview_capture_target.exe,1,chain-1,6.50736290000000,6.98170000000000,0
gpuview_capture_target.exe,1,chain-1,6.51415190000000,6.78900000000000,0
gpuview_capture_target.exe,1,chain-1,6.52100890000000,6.85700000000000,0
gpuview_capture_target.exe,1,chain-1,6.52792530000000,6.91640000000000,0
gpuview_capture_target.exe,1,chain-1,6.53493820000000,7.01290000000000,0
gpuview_capture_target.exe,1,chain-1,6.54216620000000,7.22800000000000,0
gpuview_capture_target.exe,1,chain-1,6.54916940000000,7.00320000000000,0
gpuview_capture_target.exe,1,chain-1,6.55606990000000,6.90050000000000,0
gpuview_capture_target.exe,1,chain-1,6.56296290000000,6.89300000000000,0
gpuview_capture_target.exe,1,chain-1,6.56995970000000,6.99680000000000,0
gpuview_capture_target.exe,1,chain-1,6.57669280000000,6.73310000000000,0
gpuview_capture_target.exe,1,chain-1,6.58349770000000,6.80490000000000,0
gpuview_capture_target.exe,1,chain-1,6.59052130000000,7.02360000000000,0
gpuview_capture_target.exe,1,chain-1,6.59795630000000,7.43500000000000,0
gpuview_capture_target.exe,1,chain-1,6.60446630000000,6.51000000000000,0
gpuview_capture_target.exe,1,chain-1,6.61143150000000,6.96520000000000,0
gpuview_capture_target.exe,1,chain-1,6.61817860000000,6.74710000000000,0
gpuview_capture_target.exe,1,chain-1,6.62540500000000,7.22640000000000,0
gpuview_capture_target.exe,1,chain-1,6.63258350000000,7.17850000000000,0
gpuview_capture_target.exe,1,chain-1,6.63930680000000,6.72330000000000,0
gpuview_capture_target.exe,1,chain-1,6.64663100000000,7.32420000000000,0
gpuview_capture_target.exe,1,chain-1,6.65405080000000,7.41980000000000,0
gpuview_capture_target.exe,1,chain-1,6.66025000000000,6.19920000000000,0
gpuview_capture_target.exe,1,chain-1,6.66782840000000,7.57840000000000,0
gpuview_capture_target.exe,1,chain-1,6.67632060000000,8.49220000000000,0
gpuview_capture_target.exe,1,chain-1,6.68106530000000,4.74470000000000,0
gpuview_capture_target.exe,1,chain-1,6.68791660000000,6.85130000000000,0
gpuview_capture_target.exe,1,chain-1,6.69528150000000,7.36490000000000,0
gpuview_capture_target.exe,1,chain-1,6.70228370000000,7.00220000000000,0
gpuview_capture_target.exe,1,chain-1,6.70924300000000,6.95930000000000,0
gpuview_capture_target.exe,1,chain-1,6.71584840000000,6.60540000000000,0
gpuview_capture_target.exe,1,chain-1,6.72273850000000,6.89010000000000,0
gpuview_capture_target.exe,1,chain-1,6.72971030000000,6.97180000000000,0
gpuview_capture_target.exe,1,chain-1,6.73683900000000,7.12870000000000,0
gpuview_capture_target.exe,1,chain-1,6.74372160000000,6.88260000000000,0
gpuview_capture_target.exe,1,chain-1,6.75057360000000,6.85200000000000,0
gpuview_capture_target.exe,1,chain-1,6.75863180000000,8.05820000000000,0
gpuview_capture_target.exe,1,chain-1,6.76435400000000,5.72220000000000,0
gpuview_capture_target.exe,1,chain-1,6.77135960000000,7.00560000000000,0
gpuview_capture_target.exe,1,chain-1,6.77821170000000,6.85210000000000,0
gpuview_capture_target.exe,1,chain-1,6.78547850000000,7.26680000000000,0
gpuview_capture_target.exe,1,chain-1,6.79227730000000,6.79880000000000,0
gpuview_capture_target.exe,1,chain-1,6.79924910000000,6.97180000000000,0
gpuview_capture_target.exe,1,chain-1,6.80618410000000,6.93500000000000,0
gpuview_capture_target.exe,1,chain-1,6.81345320000000,7.26910000000000,0
gpuview_capture_target.exe,1,chain-1,6.82008290000000,6.62970000000000,0
gpuview_capture_target.exe,1,chain-1,6.82684200000000,6.75910000000000,0
gpuview_capture_target.exe,1,chain-1,6.83406620000000,7.22420000000000,0
gpuview_capture_target.exe,1,chain-1,6.84197340000000,7.90720000000000,0
gpuview_capture_target.exe,1,chain-1,6.84763120000000,5.65780000000000,0
gpuview_capture_target.exe,1,chain-1,6.85475560000000,7.12440000000000,0
gpuview_capture_target.exe,1,chain-1,6.86158900000000,6.83340000000000,0
gpuview_capture_target.exe,1,chain-1,6.94453430000000,82.94530000000000,0
gpuview_capture_target.exe,1,chain-1,6.94519040000000,0.65610000000000,0
gpuview_capture_target.exe,1,chain-1,6.95215730000000,6.96690000000000,0
gpuview_capture_target.exe,1,chain-1,6.95881970000000,6.66240000000000,0
gpuview_capture_target.exe,1,chain-1,6.96599510000000,7.17540000000000,0
gpuview_capture_target.exe,1,chain-1,6.97353580000000,7.54070000000000,0
gpuview_capture_target.exe,1,chain-1,6.97999740000000,6.46160000000000,0
gpuview_capture_target.exe,1,chain-1,6.98648810000000,6.49070000000000,0
gpuview_capture_target.exe,1,chain-1,6.99392720000000,7.43910000000000,0
gpuview_capture_target.exe,1,chain-1,7.00056910000000,6.64190000000000,0
gpuview_capture_target.exe,1,chain-1,7.00815090000000,7.58180000000000,0
gpuview_capture_target.exe,1,chain-1,7.01482470000000,6.67380000000000,0
gpuview_capture_target.exe,1,chain-1,7.02193860000000,7.11390000000000,0
gpuview_capture_target.exe,1,chain-1,7.02863630000000,6.69770000000000,0
gpuview_capture_target.exe,1,chain-1,7.03562010000000,6.98380000000000,0
gpuview_capture_target.exe,1,chain-1,7.04284090000000,7.22080000000000,0
gpuview_capture_target.exe,1,chain-1,7.04960890000000,6.76800000000000,0
gpuview_capture_target.exe,1,chain-1,7.05668710000000,7.07820000000000,0
gpuview_capture_target.exe,1,chain-1,7.06341490000000,6.72780000000000,0
gpuview_capture_target.exe,1,chain-1,7.07075310000000,7.33820000000000,0
gpuview_capture_target.exe,1,chain-1,7.07754960000000,6.79650000000000,0
gpuview_capture_target.exe,1,chain-1,7.08421560000000,6.66600000000000,0
gpuview_capture_target.exe,1,chain-1,7.09135090000000,7.13530000000000,0
gpuview_capture_target.exe,1,chain-1,7.09796380000000,6.61290000000000,0
gpuview_capture_target.exe,1,chain-1,7.10499030000000,7.02650000000000,0
gpuview_capture_target.exe,1,chain-1,7.11223250000000,7.24220000000000,0
gpuview_capture_target.exe,1,chain-1,7.14144920000000,29.21670000000000,0
gpuview_capture_target.exe,1,chain-1,7.14254900000000,1.09980000000000,0
gpuview_capture_target.exe,1,chain-1,7.15073290000000,8.18390000000000,0
gpuview_capture_target.exe,1,chain-1,7.15449780000000,3.76490000000000,0
gpuview_capture_target.exe,1,chain-1,7.16105810000000,6.56030000000000,0
gpuview_capture_target.exe,1,chain-1,7.16782810000000,6.77000000000000,0
gpuview_capture_target.exe,1,chain-1,7.17433580000000,6.50770000000000,0
gpuview_capture_target.exe,1,chain-1,7.18127790000000,6.94210000000000,0
gpuview_capture_target.exe,1,chain-1,7.18831560000000,7.03770000000000,0
gpuview_capture_target.exe,1,chain-1,7.19544130000000,7.12570000000000,0
gpuview_capture_target.exe,1,chain-1,7.20247900000000,7.03770000000000,0
gpuview_capture_target.exe,1,chain-1,7.20953020000000,7.05120000000000,0
gpuview_capture_target.exe,1,chain-1,7.21639070000000,6.86050000000000,0
gpuview_capture_target.exe,1,chain-1,7.22330610000000,6.91540000000000,0
gpuview_capture_target.exe,1,chain-1,7.23020320000000,6.89710000000000,0
gpuview_capture_target.exe,1,chain-1,7.23741050000000,7.20730000000000,0
gpuview_capture_target.exe,1,chain-1,7.24395090000000,6.54040000000000,0
gpuview_capture_target.exe,1,chain-1,7.25080710000000,6.85620000000000,0
gpuview_capture_target.exe,1,chain-1,7.25771850000000,6.91140000000000,0
gpuview_capture_target.exe,1,chain-1,7.26469430000000,6.97580000000000,0
gpuview_capture_target.exe,1,chain-1,7.27156330000000,6.86900000000000,0
gpuview_capture_target.exe,1,chain-1,7.27876870000000,7.20540000000000,0
gpuview_capture_target.exe,1,chain-1,7.28583350000000,7.06480000000000,0
gpuview_capture_target.exe,1,chain-1,7.29249550000000,6.66200000000000,0
gpuview_capture_target.exe,1,chain-1,7.29958490000000,7.08940000000000,0
gpuview_capture_target.exe,1,chain-1,7.30673540000000,7.15050000000000,0
gpuview_capture_target.exe,1,chain-1,7.31329310000000,6.55770000000000,0
gpuview_capture_target.exe,1,chain-1,7.32016230000000,6.86920000000000,0
gpuview_capture_target.exe,1,chain-1,7.32708280000000,6.92050000000000,0
gpuview_capture_target.exe,1,chain-1,7.33459240000000,7.50960000000000,0
gpuview_capture_target.exe,1,chain-1,7.34118480000000,6.59240000000000,0
gpuview_capture_target.exe,1,chain-1,7.34804180000000,6.85700000000000,0
gpuview_capture_target.exe,1,chain-1,7.35493940000000,6.89760000000000,0
gpuview_capture_target.exe,1,chain-1,7.36203440000000,7.09500000000000,0
gpuview_capture_target.exe,1,chain-1,7.44325420000000,81.21979999999999,0
gpuview_capture_target.exe,1,chain-1,7.44585300000000,2.59880000000000,0
gpuview_capture_target.exe,1,chain-1,7.45221020000000,6.35720000000000,0
gpuview_capture_target.exe,1,chain-1,7.45986650000000,7.65630000000000,0
gpuview_capture_target.exe,1,chain-1,7.46627100000000,6.40450000000000,0
gpuview_capture_target.exe,1,chain-1,7.47317010000000,6.89910000000000,0
gpuview_capture_target.exe,1,chain-1,7.48052040000000,7.35030000000000,0
gpuview_capture_target.exe,1,chain-1,7.48759370000000,7.07330000000000,0
gpuview_capture_target.exe,1,chain-1,7.49380440000000,6.21070000000000,0
gpuview_capture_target.exe,1,chain-1,7.50088780000000,7.08340000000000,0
gpuview_capture_target.exe,1,chain-1,7.50773680000000,6.84900000000000,0
gpuview_capture_target.exe,1,chain-1,7.51513550000000,7.39870000000000,0
gpuview_capture_target.exe,1,chain-1,7.52219930000000,7.06380000000000,0
gpuview_capture_target.exe,1,chain-1,7.52872860000000,6.52930000000000,0
gpuview_capture_target.exe,1,chain-1,7.53581070000000,7.08210000000000,0
gpuview_capture_target.exe,1,chain-1,7.54259420000000,6.78350000000000,0
gpuview_capture_target.exe,1,chain-1,7.55007000000000,7.47580000000000,0
gpuview_capture_target.exe,1,chain-1,7.55672590000000,6.65590000000000,0
gpuview_capture_target.exe,1,chain-1,7.56345400000000,6.72810000000000,0
gpuview_capture_target.exe,1,chain-1,7.57054050000000,7.08650000000000,0
gpuview_capture_target.exe,1,chain-1,7.57738920000000,6.84870000000000,0
gpuview_capture_target.exe,1,chain-1,7.58455830000000,7.16910000000000,0
gpuview_capture_target.exe,1,chain-1,7.59110000000000,6.54170000000000,0
gpuview_capture_target.exe,1,chain-1,7.59840320000000,7.30320000000000,0
gpuview_capture_target.exe,1,chain-1,7.60566640000000,7.26320000000000,0
gpuview_capture_target.exe,1,chain-1,7.61197310000000,6.30670000000000,0
gpuview_capture_target.exe,1,chain-1,7.61862340000000,6.65030000000000,0
gpuview_capture_target.exe,1,chain-1,7.62588120000000,7.25780000000000,0
gpuview_capture_target.exe,1,chain-1,7.63274330000000,6.86210000000000,0
gpuview_capture_target.exe,1,chain-1,7.63988380000000,7.14050000000000,0
gpuview_capture_target.exe,1,chain-1,7.64638930000000,6.50550000000000,0
gpuview_capture_target.exe,1,chain-1,7.65320570000000,6.81640000000000,0
gpuview_capture_target.exe,1,chain-1,7.66024150000000,7.03580000000000,0
gpuview_capture_target.exe,1,chain-1,7.66684790000000,6.60640000000000,0
gpuview_capture_target.exe,1,chain-1,7.67451940000000,7.67150000000000,0
gpuview_capture_target.exe,1,chain-1,7.68071730000000,6.19790000000000,0
gpuview_capture_target.exe,1,chain-1,7.68783290000000,7.11560000000000,0
gpuview_capture_target.exe,1,chain-1,7.69459970000000,6.76680000000000,0
gpuview_capture_target.exe,1,chain-1,7.70156700000000,6.96730000000000,0
gpuview_capture_target.exe,1,chain-1,7.70929700000000,7.73000000000000,0
gpuview_capture_target.exe,1,chain-1,7.71530780000000,6.01080000000000,0
gpuview_capture_target.exe,1,chain-1,7.72266500000000,7.35720000000000,0
gpuview_capture_target.exe,1,chain-1,7.72974310000000,7.07810000000000,0
gpuview_capture_target.exe,1,chain-1,7.73636510000000,6.62200000000000,0
gpuview_capture_target.exe,1,chain-1,7.74354350000000,7.17840000000000,0
gpuview_capture_target.exe,1,chain-1,7.75026490000000,6.72140000000000,0
gpuview_capture_target.exe,1,chain-1,7.75719510000000,6.93020000000000,0
gpuview_capture_target.exe,1,chain-1,7.76427400000000,7.07890000000000,0
gpuview_capture_target.exe,1,chain-1,7.77141310000000,7.13910000000000,0
gpuview_capture_target.exe,1,chain-1,7.77800680000000,6.59370000000000,0
gpuview_capture_target.exe,1,chain-1,7.78496070000000,6.95390000000000,0
gpuview_capture_target.exe,1,chain-1,7.79183340000000,6.87270000000000,0
gpuview_capture_target.exe,1,chain-1,7.79875340000000,6.92000000000000,0
gpuview_capture_target.exe,1,chain-1,7.80605420000000,7.30080000000000,0
gpuview_capture_target.exe,1,chain-1,7.81278610000000,6.73190000000000,0
gpuview_capture_target.exe,1,chain-1,7.82008110000000,7.29500000000000,0
gpuview_capture_target.exe,1,chain-1,7.82664110000000,6.56000000000000,0
gpuview_capture_target.exe,1,chain-1,7.83387750000000,7.23640000000000,0
gpuview_capture_target.exe,1,chain-1,7.84065660000000,6.77910000000000,0
gpuview_capture_target.exe,1,chain-1,7.84776230000000,7.10570000000000,0
gpuview_capture_target.exe,1,chain-1,7.92804620000000,80.28390000000000,0
gpuview_capture_target.exe,1,chain-1,7.92899160000000,0.94540000000000,0
gpuview_capture_target.exe,1,chain-1,7.93067330000000,1.68170000000000,0
gpuview_capture_target.exe,1,chain-1,7.93766650000000,6.99320000000000,0
gpuview_capture_target.exe,1,chain-1,7.94455890000000,6.89240000000000,0
gpuview_capture_target.exe,1,chain-1,7.95166260000000,7.10370000000000,0
gpuview_capture_target.exe,1,chain-1,7.95845380000000,6.79120000000000,0
