source_events,sort,mode,run,analysis_ms,matched,groups
100000,event_duration,reuse,0,23.8004,100000,4
100000,event_duration,cold,0,29.6853,100000,4
100000,event_duration,cold,1,27.2273,100000,4
100000,event_duration,reuse,1,25.3982,100000,4
100000,event_duration,reuse,2,25.0994,100000,4
100000,event_duration,cold,2,26.8988,100000,4
100000,event_duration,cold,3,29.5891,100000,4
100000,event_duration,reuse,3,22.8968,100000,4
100000,event_duration,reuse,4,24.262,100000,4
100000,event_duration,cold,4,26.7158,100000,4
100000,group_name,reuse,0,0.7594,100000,4
100000,group_name,cold,0,16.2592,100000,4
100000,group_name,cold,1,16.582,100000,4
100000,group_name,reuse,1,0.978,100000,4
100000,group_name,reuse,2,0.682,100000,4
100000,group_name,cold,2,16.3068,100000,4
100000,group_name,cold,3,16.5168,100000,4
100000,group_name,reuse,3,0.6892,100000,4
100000,group_name,reuse,4,0.904,100000,4
100000,group_name,cold,4,16.5573,100000,4
1000000,event_duration,reuse,0,437.645,1000000,4
1000000,event_duration,cold,0,469.937,1000000,4
1000000,event_duration,cold,1,462.608,1000000,4
1000000,event_duration,reuse,1,417.261,1000000,4
1000000,event_duration,reuse,2,421.942,1000000,4
1000000,event_duration,cold,2,414.389,1000000,4
1000000,event_duration,cold,3,390.619,1000000,4
1000000,event_duration,reuse,3,429.075,1000000,4
1000000,event_duration,reuse,4,398.055,1000000,4
1000000,event_duration,cold,4,379.845,1000000,4
1000000,group_name,reuse,0,7.4714,1000000,4
1000000,group_name,cold,0,198.799,1000000,4
1000000,group_name,cold,1,208.117,1000000,4
1000000,group_name,reuse,1,8.2293,1000000,4
1000000,group_name,reuse,2,7.7491,1000000,4
1000000,group_name,cold,2,198.644,1000000,4
1000000,group_name,cold,3,204.616,1000000,4
1000000,group_name,reuse,3,7.8415,1000000,4
1000000,group_name,reuse,4,8.4972,1000000,4
1000000,group_name,cold,4,200.303,1000000,4
