events,sort,run,mode,analysis_ms,rows
100000,duration,0,cold,79.8779,100000
100000,duration,0,reuse,12.8161,100000
100000,duration,1,cold,83.2218,100000
100000,duration,1,reuse,13.1995,100000
100000,duration,2,cold,82.571,100000
100000,duration,2,reuse,12.6225,100000
100000,duration,3,cold,80.6836,100000
100000,duration,3,reuse,11.9384,100000
100000,duration,4,cold,80.5471,100000
100000,duration,4,reuse,12.3559,100000
100000,long_frame,0,cold,82.4048,100000
100000,long_frame,0,reuse,13.0422,100000
100000,long_frame,1,cold,85.313,100000
100000,long_frame,1,reuse,13.6087,100000
100000,long_frame,2,cold,85.3137,100000
100000,long_frame,2,reuse,13.9471,100000
100000,long_frame,3,cold,83.0041,100000
100000,long_frame,3,reuse,12.0081,100000
100000,long_frame,4,cold,80.5679,100000
100000,long_frame,4,reuse,12.6147,100000
1000000,duration,0,cold,849.677,1000000
1000000,duration,0,reuse,149.554,1000000
1000000,duration,1,cold,815.549,1000000
1000000,duration,1,reuse,141.098,1000000
1000000,duration,2,cold,833.587,1000000
1000000,duration,2,reuse,139.102,1000000
1000000,duration,3,cold,848.351,1000000
1000000,duration,3,reuse,145.811,1000000
1000000,duration,4,cold,847.862,1000000
1000000,duration,4,reuse,152.238,1000000
1000000,long_frame,0,cold,800.175,1000000
1000000,long_frame,0,reuse,136.711,1000000
1000000,long_frame,1,cold,793.474,1000000
1000000,long_frame,1,reuse,148.157,1000000
1000000,long_frame,2,cold,830.665,1000000
1000000,long_frame,2,reuse,135.859,1000000
1000000,long_frame,3,cold,820.945,1000000
1000000,long_frame,3,reuse,144.483,1000000
1000000,long_frame,4,cold,787.172,1000000
1000000,long_frame,4,reuse,142.632,1000000
